case_id,landmark_1_x,landmark_1_y,landmark_1_z,landmark_1_likelihood,landmark_2_x,landmark_2_y,landmark_2_z,landmark_2_likelihood,landmark_3_x,landmark_3_y,landmark_3_z,landmark_3_likelihood,min_likelihood,mean_likelihood
Barts_CT_01_BARTS_005_6M_TAVI_CTA_Coronary_0_60_Bv56_Q3_280ms,511,506,433,0.002471923828125,169,362,82,0.0035648345947265625,209,325,142,0.00469970703125,0.002471923828125,0.003578821818033854
Barts_CT_01_BARTS_005_6M_TAVI_CTA_Coronary_0_60_Bv56_Q3_280ms_v2,511,506,433,0.002471923828125,169,362,82,0.0035648345947265625,209,325,142,0.00469970703125,0.002471923828125,0.003578821818033854
Barts_CT_01_BARTS_005_6M_TAVI_CTA_Coronary_0_60_Bv56_Q3_BestDiast_67_,511,506,433,0.002471923828125,511,511,418,0.002471923828125,207,323,157,0.00591278076171875,0.002471923828125,0.0036188761393229165
Barts_CT_01_BARTS_005_PRE_Coro___DS_CorCTA__0_75__Bv40__2__BestSyst_47__,0,7,300,0.002471923828125,240,250,240,0.0025501251220703125,160,351,204,0.024993896484375,0.002471923828125,0.010005315144856771
Barts_CT_01_BARTS_005_PRE_Coro___DS_CorCTA__0_75__Bv49__2__BestSyst_47__,0,7,300,0.002471923828125,156,351,204,0.0024929046630859375,160,351,204,0.0246124267578125,0.002471923828125,0.009859085083007812
Barts_CT_01_BARTS_005_PRE_Fl_BodyAngio__1_0__Bv40__2,272,281,616,0.0321044921875,268,297,596,0.08978271484375,273,286,616,0.178955078125,0.0321044921875,0.10028076171875
Barts_CT_01_BARTS_007_6M_TAVI_CTA_Coronary_0_60_Bv56_Q3_280ms,347,197,233,0.0020580291748046875,647,208,8,0.0022430419921875,295,533,128,0.0022430419921875,0.0020580291748046875,0.002181371053059896
Barts_CT_01_BARTS_007_6M_TAVI_CTA_Coronary_0_60_Bv56_Q3_280ms_v2,403,767,83,0.0022258758544921875,404,371,135,0.002414703369140625,600,702,15,0.0022525787353515625,0.0022258758544921875,0.0022977193196614585
Barts_CT_01_BARTS_007_6M_TAVI_CTA_Coronary_0_60_Bv56_Q3_BestDiast_70_,385,767,105,0.0022869110107421875,604,692,0,0.002269744873046875,381,604,83,0.0021915435791015625,0.0021915435791015625,0.0022493998209635415
Barts_CT_01_BARTS_007_PRE_Coro___DS_CorCTA__0_75__Bv40__2__BestSyst_36__,237,229,85,0.199462890625,218,250,92,0.090087890625,239,229,95,0.01467132568359375,0.01467132568359375,0.10140736897786458
Barts_CT_01_BARTS_007_PRE_Coro___DS_CorCTA__0_75__Bv49__2__BestSyst_36__,237,226,98,0.1300048828125,228,266,77,0.07476806640625,239,228,104,0.005039215087890625,0.005039215087890625,0.06993738810221355
Barts_CT_01_BARTS_007_PRE_Fl_BodyAngio__1_0__Bv40__2,280,296,318,0.006145477294921875,270,323,309,0.283935546875,284,308,313,0.0171051025390625,0.006145477294921875,0.10239537556966145
Barts_CT_01_BARTS_019_6M_TAVI_CTA_Coronary_0_40_Bv56_Q3_280ms,239,283,475,0.004627227783203125,233,292,312,0.00494384765625,258,277,505,0.1302490234375,0.004627227783203125,0.04660669962565104
Barts_CT_01_BARTS_019_PRE_TAVI_CTA_Coronary_0_60_Bv56_Q3_280ms_subfile1,214,275,249,0.0260009765625,197,307,121,0.056549072265625,241,309,249,0.11279296875,0.0260009765625,0.06511433919270833
Barts_CT_01_BARTS_019_PRE_TAVI_CTA_Coronary_0_60_Bv56_Q3_280ms_subfile2,214,275,249,0.0260009765625,197,307,121,0.056549072265625,241,309,249,0.11279296875,0.0260009765625,0.06511433919270833
Barts_CT_01_BARTS_019_PRE_TAVI_CTA_Coronary_0_60_Bv56_Q3_BestDiast_70_,213,279,189,0.013427734375,209,295,189,0.01094818115234375,239,303,249,0.22900390625,0.01094818115234375,0.08445994059244792
Barts_CT_01_BARTS_019_PRE_Whole_Aorta_0_80_Bl64_Q3,535,615,249,0.0039005279541015625,524,648,249,0.012481689453125,10,0,418,0.002471923828125,0.002471923828125,0.0062847137451171875
Barts_CT_01_BARTS_019_PRE_Whole_Aorta_0_80_Bv56_Q3,533,621,762,0.054901123046875,528,643,762,0.0743408203125,557,632,732,0.007549285888671875,0.007549285888671875,0.045597076416015625
Barts_CT_01_BARTS_019_PRE_Whole_Aorta_0_80_Qr40_Q3_VSPP_ME55,268,313,727,0.03302001953125,263,321,762,0.087890625,279,315,732,0.0050201416015625,0.0050201416015625,0.0419769287109375
Barts_CT_01_BARTS_027_6M_TAVI_CTA_Coronary_0_40_Bv56_Q3_280ms,0,8,790,0.002471923828125,511,511,760,0.002471923828125,511,511,760,0.002471923828125,0.002471923828125,0.002471923828125
Barts_CT_01_BARTS_027_6M_TAVI_CTA_Coronary_0_40_Bv56_Q3_BestDiast_73_,0,504,790,0.002471923828125,511,511,760,0.002471923828125,511,511,760,0.002471923828125,0.002471923828125,0.002471923828125
Barts_CT_01_BARTS_027_PRE_Coro___DS_CorCTA__0_75__Bv40__2__BestSyst_47__,0,7,284,0.002349853515625,224,302,207,0.01287078857421875,253,294,207,0.01146697998046875,0.002349853515625,0.0088958740234375
Barts_CT_01_BARTS_027_PRE_Coro___DS_CorCTA__0_75__Bv49__2__BestSyst_47__,0,7,284,0.002349853515625,223,303,207,0.010406494140625,256,286,219,0.0083465576171875,0.002349853515625,0.0070343017578125
Barts_CT_01_BARTS_027_PRE_Fl_BodyAngio__1_0__Bv40__2,276,293,668,0.00455474853515625,275,305,640,0.240478515625,288,291,660,0.08978271484375,0.00455474853515625,0.11160532633463542
Barts_CT_01_BARTS_030_6M_TAVI_CTA_Coronary_0_40_Bv56_Q3_280ms_ZF,4,6,855,0.002471923828125,307,423,210,0.0035648345947265625,767,767,825,0.002471923828125,0.002471923828125,0.0028362274169921875
Barts_CT_01_BARTS_030_6M_TAVI_CTA_Coronary_0_40_Bv56_Q3_BestDiast_65__ZF,349,372,210,0.0030155181884765625,309,420,210,0.008575439453125,349,372,210,0.003376007080078125,0.0030155181884765625,0.0049889882405598955
Barts_CT_01_BARTS_030_PRE_Coro___DS_CorCTA__0_75__Bv40__2__BestSyst_34__,220,260,216,0.01267242431640625,199,301,216,0.089111328125,248,269,180,0.11199951171875,0.01267242431640625,0.07126108805338542
Barts_CT_01_BARTS_030_PRE_Coro___DS_CorCTA__0_75__Bv49__2__BestSyst_34__,221,260,216,0.009124755859375,199,302,216,0.07763671875,248,268,180,0.10357666015625,0.009124755859375,0.063446044921875
Barts_CT_01_BARTS_030_PRE_Fl_BodyAngio__1_0__Bv40__2,0,3,801,0.002471923828125,251,321,666,0.019500732421875,275,300,670,0.0038547515869140625,0.002471923828125,0.008609135945638021
CIS_UNet_Data_Subject001_CTA,304,235,497,0.0026721954345703125,294,251,494,0.003185272216796875,306,246,494,0.390625,0.0026721954345703125,0.13216082255045572
CIS_UNet_Data_Subject002_CTA,274,223,533,0.7216796875,261,248,530,0.529296875,278,241,542,0.818359375,0.529296875,0.6897786458333334
CIS_UNet_Data_Subject003_CTA,275,238,524,0.6171875,277,244,509,0.0031604766845703125,281,253,527,0.7685546875,0.0031604766845703125,0.4629675547281901
CIS_UNet_Data_Subject004_CTA,278,169,568,0.1644287109375,279,190,583,0.2271728515625,286,184,589,0.779296875,0.1644287109375,0.3902994791666667
CIS_UNet_Data_Subject005_CTA,288,219,513,0.53857421875,270,228,471,0.0202178955078125,293,236,528,0.172119140625,0.0202178955078125,0.2436370849609375
CIS_UNet_Data_Subject006_CTA,272,236,671,0.5029296875,267,262,686,0.0034961700439453125,275,254,675,0.6279296875,0.0034961700439453125,0.37811851501464844
CIS_UNet_Data_Subject007_CTA,296,189,567,0.08343505859375,289,209,585,0.0038852691650390625,300,208,594,0.599609375,0.0038852691650390625,0.22897656758626303
CIS_UNet_Data_Subject009_CTA,281,199,518,0.76904296875,264,226,480,0.005321502685546875,288,219,527,0.78857421875,0.005321502685546875,0.5209795633951823
CIS_UNet_Data_Subject010_CTA,300,196,466,0.00669097900390625,284,229,475,0.625,304,220,493,0.2314453125,0.00669097900390625,0.28771209716796875
CIS_UNet_Data_Subject011_CTA,302,208,453,0.12249755859375,295,233,462,0.7763671875,308,224,486,0.80517578125,0.12249755859375,0.5680135091145834
CIS_UNet_Data_Subject012_CTA,0,3,661,0.002471923828125,285,224,485,0.004486083984375,293,216,488,0.2467041015625,0.002471923828125,0.08455403645833333
CIS_UNet_Data_Subject013_CTA,263,226,462,0.070068359375,262,245,489,0.003795623779296875,271,245,489,0.1759033203125,0.003795623779296875,0.08325576782226562
CIS_UNet_Data_Subject014_CTA,279,221,491,0.371337890625,271,242,491,0.06396484375,288,240,500,0.75390625,0.06396484375,0.3964029947916667
CIS_UNet_Data_Subject015_CTA,261,195,250,0.004718780517578125,265,218,253,0.0030040740966796875,269,210,260,0.329833984375,0.0030040740966796875,0.11251894632975261
CIS_UNet_Data_Subject017_CTA,275,217,529,0.599609375,269,240,523,0.72265625,285,236,544,0.791015625,0.599609375,0.7044270833333334
CIS_UNet_Data_Subject018_CTA,281,173,524,0.250732421875,274,192,503,0.249755859375,286,190,533,0.7822265625,0.249755859375,0.4275716145833333
CIS_UNet_Data_Subject019_CTA,283,235,442,0.00426483154296875,268,248,430,0.250244140625,282,244,448,0.463623046875,0.00426483154296875,0.2393773396809896
CIS_UNet_Data_Subject021_CTA,296,202,479,0.465087890625,279,223,470,0.68310546875,294,225,491,0.74609375,0.465087890625,0.6314290364583334
CIS_UNet_Data_Subject022_CTA,271,189,481,0.80615234375,259,204,445,0.07501220703125,282,204,487,0.74462890625,0.07501220703125,0.54193115234375
CIS_UNet_Data_Subject023_CTA,293,254,501,0.007038116455078125,276,248,489,0.06805419921875,292,248,539,0.791015625,0.007038116455078125,0.28870264689127606
CIS_UNet_Data_Subject024_CTA,259,239,550,0.005664825439453125,244,242,484,0.5341796875,258,233,514,0.806640625,0.005664825439453125,0.44882837931315106
CIS_UNet_Data_Subject025_CTA,276,207,594,0.6171875,269,231,579,0.134521484375,282,223,600,0.75390625,0.134521484375,0.5018717447916666
CIS_UNet_Data_Subject026_CTA,289,217,558,0.002758026123046875,286,222,576,0.0032978057861328125,289,217,621,0.08038330078125,0.002758026123046875,0.02881304423014323
CIS_UNet_Data_Subject027_CTA,307,230,621,0.1468505859375,296,251,617,0.5654296875,306,250,650,0.490966796875,0.1468505859375,0.4010823567708333
CIS_UNet_Data_Subject028_CTA,3,0,732,0.002471923828125,352,210,601,0.004055023193359375,358,204,616,0.11859130859375,0.002471923828125,0.041706085205078125
CIS_UNet_Data_Subject029_CTA,266,200,609,0.0738525390625,267,221,624,0.1529541015625,279,216,662,0.71728515625,0.0738525390625,0.314697265625
CIS_UNet_Data_Subject030_CTA,254,217,712,0.7451171875,243,232,663,0.00916290283203125,262,232,719,0.619140625,0.00916290283203125,0.45780690511067706
CIS_UNet_Data_Subject031_CTA,249,231,630,0.49609375,241,247,622,0.76171875,254,246,644,0.744140625,0.49609375,0.6673177083333334
CIS_UNet_Data_Subject032_CTA,262,217,582,0.31689453125,248,239,540,0.028106689453125,265,235,582,0.78466796875,0.028106689453125,0.376556396484375
CIS_UNet_Data_Subject033_CTA,279,233,645,0.7841796875,265,252,637,0.61767578125,281,253,660,0.81201171875,0.61767578125,0.7379557291666666
CIS_UNet_Data_Subject034_CTA,288,196,489,0.0028553009033203125,273,217,506,0.1463623046875,289,215,506,0.10504150390625,0.0028553009033203125,0.08475303649902344
CIS_UNet_Data_Subject035_CTA,285,203,474,0.2091064453125,270,233,450,0.004680633544921875,284,229,450,0.04107666015625,0.004680633544921875,0.08495457967122395
CIS_UNet_Data_Subject036_CTA,306,209,637,0.0037078857421875,302,210,595,0.06439208984375,308,207,601,0.467041015625,0.0037078857421875,0.17838033040364584
CIS_UNet_Data_Subject037_CTA,275,183,502,0.86328125,265,195,460,0.01287078857421875,283,199,514,0.74267578125,0.01287078857421875,0.5396092732747396
CIS_UNet_Data_Subject038_CTA,294,222,532,0.003147125244140625,282,236,503,0.242431640625,294,235,544,0.74951171875,0.003147125244140625,0.3316968282063802
CIS_UNet_Data_Subject041_CTA,298,192,481,0.2203369140625,284,205,460,0.55908203125,304,206,478,0.34521484375,0.2203369140625,0.3748779296875
CIS_UNet_Data_Subject042_CTA,309,186,516,0.7705078125,301,202,501,0.77685546875,314,202,522,0.81298828125,0.7705078125,0.7867838541666666
CIS_UNet_Data_Subject043_CTA,264,226,437,0.56396484375,253,246,425,0.65625,273,246,443,0.76220703125,0.56396484375,0.6608072916666666
CIS_UNet_Data_Subject044_CTA,291,212,444,0.308349609375,285,234,468,0.04046630859375,299,228,450,0.6044921875,0.04046630859375,0.3177693684895833
CIS_UNet_Data_Subject045_CTA,271,226,581,0.84619140625,269,245,566,0.0038852691650390625,281,245,596,0.78369140625,0.0038852691650390625,0.5445893605550131
CIS_UNet_Data_Subject046_CTA,271,213,611,0.401123046875,266,230,578,0.346435546875,276,230,626,0.826171875,0.346435546875,0.5245768229166666
CIS_UNet_Data_Subject049_CTA,229,228,633,0.459228515625,234,244,615,0.0032100677490234375,240,239,622,0.2239990234375,0.0032100677490234375,0.22881253560384116
CIS_UNet_Data_Subject050_CTA,296,217,545,0.853515625,284,233,515,0.29833984375,299,236,551,0.77294921875,0.29833984375,0.6416015625
CIS_UNet_Data_Subject051_CTA,270,247,493,0.058441162109375,263,266,493,0.216552734375,276,264,526,0.6943359375,0.058441162109375,0.3231099446614583
CIS_UNet_Data_Subject052_CTA,276,199,505,0.053497314453125,265,221,499,0.039794921875,279,220,517,0.09222412109375,0.039794921875,0.061838785807291664
CIS_UNet_Data_Subject053_CTA,283,181,635,0.5751953125,269,197,653,0.043365478515625,285,194,627,0.1341552734375,0.043365478515625,0.2509053548177083
CIS_UNet_Data_Subject055_CTA,308,215,454,0.6962890625,297,228,451,0.56396484375,307,229,454,0.2001953125,0.2001953125,0.48681640625
CIS_UNet_Data_Subject056_CTA,259,251,483,0.443115234375,256,275,477,0.634765625,269,263,501,0.74365234375,0.443115234375,0.607177734375
CIS_UNet_Data_Subject057_CTA,271,226,605,0.0318603515625,272,244,575,0.1402587890625,278,239,582,0.7314453125,0.0318603515625,0.3011881510416667
CIS_UNet_Data_Subject059_CTA,3,0,619,0.002471923828125,279,215,452,0.0029125213623046875,3,0,619,0.002471923828125,0.002471923828125,0.0026187896728515625
CIS_UNet_Data_Subject060_CTA,311,234,460,0.8193359375,297,257,451,0.70361328125,316,255,469,0.82666015625,0.70361328125,0.783203125
CIS_UNet_Data_Subject061_CTA,290,199,686,0.6337890625,283,216,667,0.10247802734375,292,216,705,0.8232421875,0.10247802734375,0.51983642578125
CIS_UNet_Data_Subject062_CTA,270,191,495,0.0943603515625,262,203,444,0.029815673828125,276,206,465,0.69384765625,0.029815673828125,0.272674560546875
CIS_UNet_Data_Subject063_CTA,291,198,458,0.34716796875,273,218,413,0.004215240478515625,300,215,461,0.74072265625,0.004215240478515625,0.36403528849283856
CIS_UNet_Data_Subject066_CTA,279,223,432,0.311767578125,273,242,423,0.66796875,283,238,444,0.81396484375,0.311767578125,0.597900390625
CIS_UNet_Data_Subject067_CTA,283,186,635,0.84228515625,269,211,624,0.8408203125,293,204,643,0.82373046875,0.82373046875,0.8356119791666666
CIS_UNet_Data_Subject068_CTA,269,207,465,0.0416259765625,268,226,489,0.003376007080078125,276,221,471,0.1993408203125,0.003376007080078125,0.08144760131835938
CIS_UNet_Data_Subject071_CTA,0,3,675,0.002471923828125,441,309,373,0.01953125,274,226,514,0.058349609375,0.002471923828125,0.026784261067708332
CIS_UNet_Data_Subject072_CTA,283,186,572,0.00981903076171875,265,210,542,0.0032482147216796875,287,206,563,0.1502685546875,0.0032482147216796875,0.05444526672363281
SEGA_D1,277,283,163,0.80712890625,264,301,161,0.81640625,286,302,167,0.1370849609375,0.1370849609375,0.5868733723958334
SEGA_D10,283,256,145,0.6923828125,272,279,144,0.818359375,290,277,149,0.83056640625,0.6923828125,0.7804361979166666
SEGA_D11,323,313,102,0.443115234375,314,332,108,0.004848480224609375,333,335,99,0.28369140625,0.004848480224609375,0.24388504028320312
SEGA_D12,273,261,90,0.40087890625,286,292,90,0.005199432373046875,287,291,92,0.35791015625,0.005199432373046875,0.25466283162434894
SEGA_D13,276,252,85,0.818359375,263,280,85,0.537109375,280,274,90,0.8095703125,0.537109375,0.7216796875
SEGA_D14,304,185,94,0.5517578125,289,216,87,0.1287841796875,310,212,95,0.662109375,0.1287841796875,0.4475504557291667
SEGA_D15,315,265,75,0.85595703125,296,289,75,0.283935546875,319,291,78,0.65478515625,0.283935546875,0.5982259114583334
SEGA_D16,305,255,81,0.6650390625,283,277,83,0.2301025390625,304,284,85,0.75146484375,0.2301025390625,0.5488688151041666
SEGA_D17,268,268,92,0.05145263671875,260,294,70,0.01094818115234375,267,265,81,0.00269317626953125,0.00269317626953125,0.021697998046875
SEGA_D18,320,283,85,0.439697265625,306,310,71,0.035400390625,329,308,87,0.375,0.035400390625,0.2833658854166667
SEGA_D2,345,296,123,0.48876953125,326,314,120,0.7607421875,343,312,129,0.72509765625,0.48876953125,0.658203125
SEGA_D3,295,276,117,0.83154296875,279,315,114,0.6455078125,305,303,121,0.58837890625,0.58837890625,0.6884765625
SEGA_D4,283,290,122,0.8037109375,275,320,121,0.62158203125,290,299,124,0.180419921875,0.180419921875,0.5352376302083334
SEGA_D5,285,305,123,0.1558837890625,286,327,116,0.0038089752197265625,296,323,114,0.02001953125,0.0038089752197265625,0.05990409851074219
SEGA_D6,291,235,93,0.8408203125,281,265,85,0.2286376953125,297,260,99,0.791015625,0.2286376953125,0.6201578776041666
SEGA_D7,295,273,95,0.034881591796875,288,306,98,0.380126953125,305,293,106,0.6708984375,0.034881591796875,0.361968994140625
SEGA_D8,286,294,115,0.202880859375,275,320,111,0.64501953125,293,315,116,0.498046875,0.202880859375,0.4486490885416667
SEGA_D9,304,262,95,0.634765625,291,285,94,0.09075927734375,315,291,97,0.27880859375,0.09075927734375,0.33477783203125
SEGA_K1,203,190,419,0.0025501251220703125,211,186,485,0.006488800048828125,215,377,532,0.0125274658203125,0.0025501251220703125,0.0071887969970703125
SEGA_K10,4,0,139,0.002471923828125,372,184,78,0.008544921875,279,151,119,0.0256195068359375,0.002471923828125,0.012212117513020834
SEGA_K11,0,206,130,0.0024929046630859375,356,153,47,0.12432861328125,266,310,11,0.025665283203125,0.0024929046630859375,0.05082893371582031
SEGA_K12,4,0,133,0.002471923828125,301,297,35,0.00891876220703125,274,299,35,0.0199127197265625,0.002471923828125,0.010434468587239584
SEGA_K13,4,0,138,0.002471923828125,243,267,33,0.016021728515625,197,152,78,0.06268310546875,0.002471923828125,0.027058919270833332
SEGA_K14,2,0,135,0.002471923828125,240,425,13,0.00392913818359375,381,238,89,0.014007568359375,0.002471923828125,0.006802876790364583
SEGA_K15,0,217,128,0.0026721954345703125,0,351,19,0.004055023193359375,225,359,65,0.0094146728515625,0.0026721954345703125,0.0053806304931640625
SEGA_K16,253,77,84,0.0026531219482421875,254,383,22,0.01512908935546875,310,290,23,0.04083251953125,0.0026531219482421875,0.019538243611653645
SEGA_K17,0,296,121,0.0031604766845703125,307,226,29,0.004383087158203125,96,199,77,0.047607421875,0.0031604766845703125,0.01838366190592448
SEGA_K18,287,226,96,0.273681640625,283,250,97,0.030731201171875,295,249,98,0.560546875,0.030731201171875,0.2883199055989583
SEGA_K19,148,362,70,0.009521484375,0,3,85,0.002471923828125,261,178,52,0.003795623779296875,0.002471923828125,0.005263010660807292
SEGA_K2,131,511,608,0.00323486328125,344,178,200,0.003795623779296875,135,214,617,0.00392913818359375,0.00323486328125,0.0036532084147135415
SEGA_K20,0,509,86,0.00669097900390625,252,424,0,0.01262664794921875,279,204,43,0.0236968994140625,0.00669097900390625,0.014338175455729166
SEGA_K3,345,269,334,0.004665374755859375,333,251,328,0.020843505859375,331,255,328,0.07183837890625,0.004665374755859375,0.03244908650716146
SEGA_K5,294,299,39,0.0038700103759765625,272,290,24,0.0303802490234375,276,291,29,0.047515869140625,0.0038700103759765625,0.02725537618001302
SEGA_K6,261,304,54,0.0210418701171875,269,433,189,0.162353515625,257,296,55,0.048675537109375,0.0210418701171875,0.07735697428385417
SEGA_K7,0,285,261,0.0027256011962890625,303,215,111,0.0165863037109375,245,208,111,0.033721923828125,0.0027256011962890625,0.017677942911783855
SEGA_K8,285,193,226,0.0039005279541015625,282,266,34,0.0162200927734375,276,196,226,0.189208984375,0.0039005279541015625,0.06977653503417969
SEGA_K9,129,511,35,0.002620697021484375,363,197,40,0.01078033447265625,252,268,101,0.054901123046875,0.002620697021484375,0.022767384847005207
SEGA_R1,261,347,153,0.0068511962890625,248,335,138,0.0095977783203125,250,232,191,0.07208251953125,0.0068511962890625,0.029510498046875
SEGA_R10,0,285,1044,0.0027370452880859375,260,433,634,0.01678466796875,228,335,272,0.0102081298828125,0.0027370452880859375,0.009909947713216146
SEGA_R11,0,262,358,0.0026111602783203125,286,252,152,0.0074615478515625,133,214,281,0.0173797607421875,0.0026111602783203125,0.009150822957356771
SEGA_R12,405,185,346,0.0030879974365234375,0,288,672,0.00426483154296875,277,151,550,0.023773193359375,0.0030879974365234375,0.010375340779622396
SEGA_R13,0,285,632,0.00263214111328125,315,163,259,0.00555419921875,306,287,516,0.018646240234375,0.00263214111328125,0.008944193522135416
SEGA_R14,1,252,153,0.08990478515625,251,267,227,0.144287109375,416,215,120,0.045257568359375,0.045257568359375,0.09314982096354167
SEGA_R15,338,223,69,0.0038700103759765625,0,280,72,0.003692626953125,52,348,210,0.0100555419921875,0.003692626953125,0.0058727264404296875
SEGA_R16,273,174,54,0.00469970703125,418,261,313,0.017181396484375,261,258,111,0.036773681640625,0.00469970703125,0.019551595052083332
SEGA_R17,291,270,69,0.004962921142578125,286,265,68,0.0167236328125,285,263,66,0.038116455078125,0.004962921142578125,0.019934336344401043
SEGA_R18,260,217,241,0.0139007568359375,252,218,253,0.454345703125,242,270,161,0.037200927734375,0.0139007568359375,0.16848246256510416
SEGA_R2,240,302,76,0.040008544921875,412,243,391,0.013427734375,405,247,334,0.1246337890625,0.013427734375,0.059356689453125
SEGA_R3,0,277,1135,0.0026836395263671875,257,188,272,0.0100555419921875,195,127,868,0.036163330078125,0.0026836395263671875,0.01630083719889323
SEGA_R4,232,427,81,0.0029811859130859375,228,439,134,0.317626953125,200,289,224,0.0391845703125,0.0029811859130859375,0.11993090311686198
SEGA_R5,4,0,1046,0.002471923828125,137,196,482,0.00646209716796875,134,197,487,0.00669097900390625,0.002471923828125,0.005208333333333333
SEGA_R6,0,286,1059,0.00254058837890625,0,287,1059,0.00319671630859375,308,280,711,0.0106964111328125,0.00254058837890625,0.0054779052734375
SEGA_R7,3,0,1083,0.002471923828125,291,429,606,0.0966796875,265,245,253,0.046295166015625,0.002471923828125,0.048482259114583336
SEGA_R8,0,285,1082,0.0030155181884765625,276,315,153,0.008544921875,275,315,157,0.0236968994140625,0.0030155181884765625,0.011752446492513021
SEGA_R9,289,511,124,0.00313568115234375,232,193,167,0.007904052734375,252,157,148,0.094482421875,0.00313568115234375,0.035174051920572914
